TMNID,Campaign_ID,Domain,arm_campaign,Sent_Title,Sent_Msg,Last_Action,Reward_Score,Sent_At
tmn.10112652121,BUDDY_SCENARIO_1167_f6aad74d,PMS,,สรุปยอด SoF เดือนนี้ ช้อปปังแค่ไหน!,Non! เดือนมีนาคม 2026 ใช้ SoF ไป 178 บาท! มาเช็กยอดรวมกันว่าปังแค่ไหน ลองวางแผนให้เป๊ะกว่าเดิมนะ,IMPRESSION,0.0,2026-05-21T14:11:37.768198+07:00
tmn.10112652121,BUDDY_SCENARIO_1166_ef1facb6,PMS,,สรุปยอด E-Wallet ของ Non มาแล้วจ้า,Non รู้ยัง? เดือนนี้ใช้ E-Wallet SoF ไป 178 บาท ดูสรุปเต็มๆ ได้ที่นี่ คุมงบอยู่หมัด ไม่ต้องลุ้นตอนสิ้นเดือน!,IMPRESSION,0.0,2026-05-21T14:11:36.688076+07:00
tmn.10112652121,BUDDY_SCENARIO_108_dc6a4e63,PMS,,เงินเก็บปังๆ เริ่มได้เลย,เห็นยอดใช้จ่ายแล้วป่ะ? มาลองตั้งเป้าเก็บเงินกัน! MoneyBuddy ช่วยให้เงินงอกเงยแบบสับๆ เลยนะ,OPEN,1.0,2026-05-21T14:11:35.560987+07:00
tmn.10112652121,3_78b46f05,711,,เซเว่นยืนหนึ่ง! ช้อปฟิน บันทึกปังๆ,ยอด 7-11 พุ่งปรี๊ด! จ่ายผ่านแอปคือดีย์ แถมบันทึกอัตโนมัติ ไม่ต้องกลัวลืม,OPEN,1.0,2026-05-21T14:11:34.487207+07:00
tmn.10112652121,3_1be807a8,711,,ขาช้อป 7-Eleven ตัวจริง!,7-Eleven ยืนหนึ่ง! สัปดาห์นี้มาจัดเต็มอีกรอบกัน! เปิดบาร์โค้ดสแกนปุ๊บ จ่ายง่ายปั๊บ สุดปัง!,DISMISS,-0.5,2026-05-21T14:11:33.410235+07:00
tmn.10112652121,3_aeeaddc0,711,,ติดเซเว่นเบอร์นี้ได้ไง!,ยอดใช้จ่ายเซเว่น Non ปังไม่ไหว! สแกน All Member ด่วนๆ สะสมแต้ม แลกของกินฟรีจุกๆ ไปเลย!,DISMISS,-0.5,2026-05-21T14:11:32.319387+07:00
tmn.10086632327,BUDDY_SCENARIO_1167_70f22e68,PMS,,สรุป E-Wallet เดือนนี้ ว้าวมากแม่!,"เดือน มี.ค. นี้ แจ็คใช้จ่ายผ่าน E-Wallet SoF ไปแล้ว 1,614 บาท! มาดูกันว่ายอดนี้ใช้ไปกับอะไรบ้าง แล้วมาวางแผนเก็บเงินตามเป้ากัน! #ปังไม่ไหว",IMPRESSION,0.0,2026-05-21T14:11:31.259356+07:00
tmn.10086632327,BUDDY_SCENARIO_1166_118967af,PMS,,สรุปยอดใช้ E-Wallet เดือนนี้รู้ยัง?,ยอดใช้ E-Wallet SoF เดือนมีนาคม 1614 บาท! มาเช็กสรุปง่ายๆ คุมงบเดือนหน้าได้เป๊ะปัง ไม่มีโป๊ะแน่นอน!,DISMISS,-0.5,2026-05-21T14:11:30.130016+07:00
tmn.10086632327,BUDDY_SCENARIO_108_1c6ed2fd,PMS,,เก็บเงินให้ปัง ทำได้ชิลล์ๆ!,Jack ใช้ E-Wallet คล่องปร๋อ! มาลองปั้นเงินเก็บให้โตไปด้วยกันกับ MoneyBuddy สิ ง่ายกว่าที่คิดเยอะ!,DISMISS,-0.5,2026-05-21T14:11:29.049956+07:00
tmn.10086632327,3_69f700b4,711,,ขาประจำเซเว่นมาทางนี้!,ขาประจำเซเว่นมาทางนี้! ช้อปของอร่อยเติมพลังง่ายๆ แค่สแกนบาร์โค้ด ติ๊ดเดียวจบ! ฟินสุดๆ,OPEN,1.0,2026-05-21T14:11:27.981728+07:00
tmn.10086632327,3_e9fb2dd2,711,,7-11 แวะบ่อยขนาดนี้เลย,Jack สัปดาห์นี้ 7-11 คือที่สุด! แวะบ่อยขนาดนี้ต้องมีของเด็ดๆ รออยู่แน่! ช้อปต่อเลยสิคะรออะไร,OPEN,1.0,2026-05-21T14:11:26.822523+07:00
tmn.10086632327,3_585742b2,711,,7-ELEVEN ที่สุดของแจ็ค!,แจ็คปักหลัก 7-ELEVEN ตลอด! เข้าบ่อยเบอร์นี้ อย่าลืมสแกน All Member สะสมแต้ม ไว้แลกของกินฟรีสุดปังนะ!,DISMISS,-0.5,2026-05-21T14:11:25.729879+07:00
tmn.10082112804,BUDDY_SCENARIO_1097_6a7b53bc,ONL_TIKTOK,,TikTok ช้อปเก่งงง! สรุปให้ดู,อยากรู้ป่ะ TikTok ช้อปอะไรไปบ้าง? มาดูสรุปให้เป๊ะ! จัดการเงินได้อยู่หมัดก่อน Double Day,IMPRESSION,0.0,2026-05-21T14:11:24.605428+07:00
tmn.10082112804,BUDDY_SCENARIO_1102_b2f4a61c,ONL_TIKTOK,,TikTok ช้อปเพลิน สรุปยอดด่วน!,Double Day นี้ต้องจัดเต็ม! มาเช็กยอด TikTok ที่โดนตกไปกี่รายการ เตรียมเงินไว้ให้พร้อม เปย์ได้ไม่มีกั๊ก!,DISMISS,-0.5,2026-05-21T14:11:23.515705+07:00
tmn.10082112804,BUDDY_SCENARIO_1100_47fe1fe0,ONL_TIKTOK,,ช้อป TikTok ดับเบิลเดย์นี้ต้องปัง!,ดับเบิลเดย์มาแล้ว ช้อป TikTok อย่าเพิ่งรีบเอฟ! ลองเทียบราคาในแอปเราก่อน คุ้มชัวร์ ไม่ต้องกลัวพลาด,DISMISS,-0.5,2026-05-21T14:11:22.425167+07:00
tmn.10082112804,BUDDY_SCENARIO_1167_7b8122d6,PMS,,อุ๊ย! งบหมวดนี้ใกล้จะเต็มแล้วนะ,เดือนนี้ดูเหมือนจะใช้เงินหมวดช้อปปิ้งเพลินไปนิด ลองปรับแผนการใช้เงินอีกหน่อย เพื่อให้เหลือเงินออมตามเป้าหมายที่ตั้งใจไว้นะครับ,IMPRESSION,0.0,2026-05-21T14:11:21.328364+07:00
tmn.10082112804,BUDDY_SCENARIO_1166_70db0422,PMS,,กินข้าวแล้ว จ่ายเท่าไหร่กันนะ?,Guy เข้ามาบ่อยขนาดนี้ ลองจดรายจ่ายดูยัง? แค่แป๊บเดียว! คุมงบได้ชิลๆ ไม่ต้องกังวลตอนสิ้นเดือนเลยนะ,OPEN,1.0,2026-05-21T14:11:20.189149+07:00
tmn.10082112804,BUDDY_SCENARIO_108_62c2eda8,PMS,,เข้าแอปบ่อย ลองเก็บเงินปังๆ ยัง?,เข้าแอปบ่อยๆ ลองมาเปิดประสบการณ์ใหม่กับ MoneyBuddy สิ! ตั้งเป้าหมายง่ายๆ เงินงอกเงยปังๆ เริ่มเลย!,DISMISS,-0.5,2026-05-21T14:11:19.121428+07:00
tmn.10082112804,BUDDY_SCENARIO_1095_2e745231,ONL_GRAB,,Grab นี่แหละ ตัวท็อปเปย์ตัวจริง?,ส่องสถิติเปย์ Grab ด่วน! จะได้รู้ว่าทุ่มไปเท่าไหร่ ตัวเลขไม่โกหกนะแก วางแผนเงินง่ายขึ้นเยอะ!,DISMISS,-0.5,2026-05-21T14:11:18.038170+07:00
tmn.10082112804,BUDDY_SCENARIO_1090_4688f804,ONL_GRAB,,ชาว Grab ต้องรู้! ฟินแล้วอย่าลืม,ฟินมื้อนี้แล้ว แวะมาบันทึกยอดหน่อย Money Buddy ช่วยให้รู้ยอดใช้จ่ายได้ง่ายๆ จัดให้เลย!,OPEN,1.0,2026-05-21T14:11:16.966571+07:00
tmn.10082112804,BUDDY_SCENARIO_121_0fc7b80d,ONL_GRAB,,หิวปะ? Grab เลยดิเพื่อน!,ได้เวลาฟิน! สั่ง Grab ผ่าน MoneyBuddy ตอนนี้ รับส่วนลดสุดคุ้ม จัดเต็มทุกมื้อไปเลย,OPEN,1.0,2026-05-21T14:11:15.898854+07:00
tmn.10000971872,BUDDY_SCENARIO_1079_9754b46b,DCP_ALP,,แอปโปรดคุณรออยู่!,พี่จิงคะ พักเรื่องงาน มาสนุกกับแอปและเกมโปรดที่คิดถึง หรือลองหาความบันเทิงใหม่ๆ คลายเหนื่อยกันนะคะ,OPEN,1.0,2026-05-21T14:11:14.827421+07:00
tmn.10000971872,BUDDY_SCENARIO_4_87063c8e,DCP_ALP,,เช็กยอดใช้จ่ายบริการดิจิทัล,P'Jing ลองมาเช็กยอดใช้จ่ายกับบริการดิจิทัลกัน! มีอัปเดตสรุปให้ดูนะ,OPEN,1.0,2026-05-21T14:11:13.750002+07:00
tmn.10000971872,BUDDY_SCENARIO_1071_a51cbddc,DCP_ALP,,อยากได้อะไร ให้เราช่วยเก็บนะ P'Jing,P'Jing เหนื่อยแล้วใช่ไหม? มาวางแผนเก็บเงินเพื่อทริปในฝัน หรือของที่อยากได้ Money Buddy ช่วยให้เป็นจริงง่ายขึ้นนะ,DISMISS,-0.5,2026-05-21T14:11:12.660524+07:00
